Marca,Tipo,Modello,Materiale,Connettività,mm,Colore,Codice_PIM
Apple,Smartwatch,SE 3,Alluminio,GPS,40,Galassia (Cinturino Sport Galassia Taglia SM),594752
Apple,Smartwatch,SE 3,Alluminio,GPS,40,Galassia (Cinturino Sport Galassia Taglia ML),594753
Apple,Smartwatch,SE 3,Alluminio,GPS,40,Mezzanotte (Cinturino Sport Mezzanotte Taglia SM),594754
Apple,Smartwatch,SE 3,Alluminio,GPS,40,Mezzanotte (Cinturino Sport Mezzanotte Taglia ML),594755
Apple,Smartwatch,SE 3,Alluminio,GPS,44,Galassia (Cinturino Sport Galassia Taglia SM),594756
Apple,Smartwatch,SE 3,Alluminio,GPS,44,Galassia (Cinturino Sport Galassia Taglia ML),594757
Apple,Smartwatch,SE 3,Alluminio,GPS,44,Mezzanotte (Cinturino Sport Mezzanotte Taglia SM),594758
Apple,Smartwatch,SE 3,Alluminio,GPS,44,Mezzanotte (Cinturino Sport Mezzanotte Taglia ML),594759
Apple,Smartwatch,SE 3,Alluminio,Cellular,40,Galassia (Cinturino Sport Galassia Taglia SM),594760
Apple,Smartwatch,SE 3,Alluminio,Cellular,40,Galassia (Cinturino Sport Galassia Taglia ML),594761
Apple,Smartwatch,SE 3,Alluminio,Cellular,40,Mezzanotte (Cinturino Sport Mezzanotte Taglia SM),594762
Apple,Smartwatch,SE 3,Alluminio,Cellular,40,Mezzanotte (Cinturino Sport Mezzanotte Taglia ML),594763
Apple,Smartwatch,SE 3,Alluminio,Cellular,44,Galassia (Cinturino Sport Galassia Taglia SM),594764
Apple,Smartwatch,SE 3,Alluminio,Cellular,44,Galassia (Cinturino Sport Galassia Taglia ML),594765
Apple,Smartwatch,SE 3,Alluminio,Cellular,44,Mezzanotte (Cinturino Sport Mezzanotte Taglia SM),594766
Apple,Smartwatch,SE 3,Alluminio,Cellular,44,Mezzanotte (Cinturino Sport Mezzanotte Taglia ML),594767

Apple,Smartwatch,Series 12,Alluminio,GPS,42,Grigio Siderale (Cinturino Sport Nero Taglia SM),194657
Apple,Smartwatch,Series 12,Alluminio,GPS,42,Grigio Siderale (Cinturino Sport Nero Taglia ML),194658
Apple,Smartwatch,Series 12,Alluminio,GPS,42,Nero (Cinturino Sport Nero Taglia SM),194659
Apple,Smartwatch,Series 12,Alluminio,GPS,42,Nero (Cinturino Sport Nero Taglia ML),194660
Apple,Smartwatch,Series 12,Alluminio,GPS,42,Grigio Chiaro (Cinturino Sport Grigio Taglia SM),194661
Apple,Smartwatch,Series 12,Alluminio,GPS,42,Grigio Chiaro (Cinturino Sport Grigio Taglia ML),194662
Apple,Smartwatch,Series 12,Alluminio,GPS,42,Marrone Scuro / Basalto (Cinturino Sport Scuro Taglia SM),194663
Apple,Smartwatch,Series 12,Alluminio,GPS,42,Marrone Scuro / Basalto (Cinturino Sport Scuro Taglia ML),194664
Apple,Smartwatch,Series 12,Alluminio,GPS,46,Grigio Siderale (Cinturino Sport Nero Taglia SM),194665
Apple,Smartwatch,Series 12,Alluminio,GPS,46,Grigio Siderale (Cinturino Sport Nero Taglia ML),194666
Apple,Smartwatch,Series 12,Alluminio,GPS,46,Nero (Cinturino Sport Nero Taglia SM),194667
Apple,Smartwatch,Series 12,Alluminio,GPS,46,Nero (Cinturino Sport Nero Taglia ML),394535
Apple,Smartwatch,Series 12,Alluminio,GPS,46,Grigio Chiaro (Cinturino Sport Grigio Taglia SM),394536
Apple,Smartwatch,Series 12,Alluminio,GPS,46,Grigio Chiaro (Cinturino Sport Grigio Taglia ML),394537
Apple,Smartwatch,Series 12,Alluminio,GPS,46,Marrone Scuro / Basalto (Cinturino Sport Scuro Taglia SM),394538
Apple,Smartwatch,Series 12,Alluminio,GPS,46,Marrone Scuro / Basalto (Cinturino Sport Scuro Taglia ML),394539
Apple,Smartwatch,Series 12,Alluminio,Cellular,42,Grigio Siderale (Cinturino Sport Nero Taglia SM),394540
Apple,Smartwatch,Series 12,Alluminio,Cellular,42,Grigio Siderale (Cinturino Sport Nero Taglia ML),394541
Apple,Smartwatch,Series 12,Alluminio,Cellular,42,Nero (Cinturino Sport Nero Taglia SM),394542
Apple,Smartwatch,Series 12,Alluminio,Cellular,42,Nero (Cinturino Sport Nero Taglia ML),394543
Apple,Smartwatch,Series 12,Alluminio,Cellular,42,Grigio Chiaro (Cinturino Sport Grigio Taglia SM),498637
Apple,Smartwatch,Series 12,Alluminio,Cellular,42,Grigio Chiaro (Cinturino Sport Grigio Taglia ML),498638
Apple,Smartwatch,Series 12,Alluminio,Cellular,42,Marrone Scuro / Basalto (Cinturino Sport Scuro Taglia SM),498639
Apple,Smartwatch,Series 12,Alluminio,Cellular,42,Marrone Scuro / Basalto (Cinturino Sport Scuro Taglia ML),498640
Apple,Smartwatch,Series 12,Alluminio,Cellular,46,Grigio Siderale (Cinturino Sport Nero Taglia SM),498654
Apple,Smartwatch,Series 12,Alluminio,Cellular,46,Grigio Siderale (Cinturino Sport Nero Taglia ML),498662
Apple,Smartwatch,Series 12,Alluminio,Cellular,46,Nero (Cinturino Sport Nero Taglia SM),498665
Apple,Smartwatch,Series 12,Alluminio,Cellular,46,Nero (Cinturino Sport Nero Taglia ML),498666
Apple,Smartwatch,Series 12,Alluminio,Cellular,46,Grigio Chiaro (Cinturino Sport Grigio Taglia SM),498668
Apple,Smartwatch,Series 12,Alluminio,Cellular,46,Grigio Chiaro (Cinturino Sport Grigio Taglia ML),498669
Apple,Smartwatch,Series 12,Alluminio,Cellular,46,Marrone Scuro / Basalto (Cinturino Sport Scuro Taglia SM),498670
Apple,Smartwatch,Series 12,Alluminio,Cellular,46,Marrone Scuro / Basalto (Cinturino Sport Scuro Taglia ML),498672
Apple,Smartwatch,Series 12,Titanio,Cellular,42,Naturale (Cinturino Titanio/Sport Taglia SM),498674
Apple,Smartwatch,Series 12,Titanio,Cellular,42,Naturale (Cinturino Titanio/Sport Taglia ML),498676
Apple,Smartwatch,Series 12,Titanio,Cellular,42,Naturale (Cinturino Metallo/Maglia Naturale),498681
Apple,Smartwatch,Series 12,Titanio,Cellular,42,Oro Rosa (Cinturino Oro Rosa Taglia SM),594709
Apple,Smartwatch,Series 12,Titanio,Cellular,42,Oro Rosa (Cinturino Oro Rosa Taglia ML),594710
Apple,Smartwatch,Series 12,Titanio,Cellular,42,Oro Rosa (Cinturino Maglia Oro Rosa),594711
Apple,Smartwatch,Series 12,Titanio,Cellular,46,Naturale (Cinturino Naturale Taglia SM),594712
Apple,Smartwatch,Series 12,Titanio,Cellular,46,Naturale (Cinturino Naturale Taglia ML),594713
Apple,Smartwatch,Series 12,Titanio,Cellular,46,Naturale (Cinturino Maglia Naturale Small),594714
Apple,Smartwatch,Series 12,Titanio,Cellular,46,Naturale (Cinturino Maglia Naturale Medium/Large),594715
Apple,Smartwatch,Series 12,Titanio,Cellular,46,Oro Rosa (Cinturino Oro Rosa Taglia SM),594716
Apple,Smartwatch,Series 12,Titanio,Cellular,46,Oro Rosa (Cinturino Oro Rosa Taglia ML),594717
Apple,Smartwatch,Series 12,Titanio,Cellular,46,Oro Rosa (Cinturino Maglia Oro Rosa Small),594718
Apple,Smartwatch,Series 12,Titanio,Cellular,46,Oro Rosa (Cinturino Maglia Oro Rosa Medium/Large),594719
Apple,Smartwatch,Series 12,Ceramica,Cellular,42,Bianco / Pebble (Cinturino Bianco Taglia SM),594720
Apple,Smartwatch,Series 12,Ceramica,Cellular,42,Bianco / Pebble (Cinturino Bianco Taglia ML),594721
Apple,Smartwatch,Series 12,Ceramica,Cellular,42,Blu Ceramica (Cinturino Blu Taglia SM),594722
Apple,Smartwatch,Series 12,Ceramica,Cellular,42,Blu Ceramica (Cinturino Blu Taglia ML),594723
Apple,Smartwatch,Series 12,Ceramica,Cellular,46,Bianco / Pebble (Cinturino Bianco Taglia SM),594724
Apple,Smartwatch,Series 12,Ceramica,Cellular,46,Bianco / Pebble (Cinturino Bianco Taglia ML),594725
Apple,Smartwatch,Series 12,Ceramica,Cellular,46,Blu Ceramica (Cinturino Blu Taglia SM),594726
Apple,Smartwatch,Series 12,Ceramica,Cellular,46,Blu Ceramica (Cinturino Blu Taglia ML),594727
Apple,Smartwatch,Series 12,Alluminio,GPS,46,Marrone Scuro (Cinturino Maglia Marrone Small),594728
Apple,Smartwatch,Series 12,Alluminio,GPS,46,Marrone Scuro (Cinturino Maglia Marrone Medium/Large),594729
Apple,Smartwatch,Series 12,Alluminio,GPS,42,Marrone Scuro (Cinturino Maglia Marrone),594730
Apple,Smartwatch,Series 12,Alluminio,Cellular,46,Marrone Scuro (Cinturino Maglia Marrone Small),594731
Apple,Smartwatch,Series 12,Alluminio,Cellular,46,Marrone Scuro (Cinturino Maglia Marrone Medium/Large),594732
Apple,Smartwatch,Series 12,Alluminio,Cellular,42,Marrone Scuro (Cinturino Maglia Marrone),594733

Apple,Smartwatch,Ultra 4,Titanio,Cellular,49,Naturale (Loop in maglia Milanese in Titanio Naturale - Small),594734
Apple,Smartwatch,Ultra 4,Titanio,Cellular,49,Naturale (Loop in maglia Milanese in Titanio Naturale - Medium),594735
Apple,Smartwatch,Ultra 4,Titanio,Cellular,49,Naturale (Loop maglia Milanese in Titanio Naturale - Large),594736
Apple,Smartwatch,Ultra 4,Titanio,Cellular,49,Naturale (Cinturino Ocean grigio traslucido),594737
Apple,Smartwatch,Ultra 4,Titanio,Cellular,49,Naturale (Cinturino Alpine Loop color duna - Small),594738
Apple,Smartwatch,Ultra 4,Titanio,Cellular,49,Naturale (Alpine Loop color duna - Medium),594739
Apple,Smartwatch,Ultra 4,Titanio,Cellular,49,Naturale (Alpine Loop color duna - Large),594740
Apple,Smartwatch,Ultra 4,Titanio,Cellular,49,Naturale (Trail Loop color sabbia - S/M),594741
Apple,Smartwatch,Ultra 4,Titanio,Cellular,49,Naturale (Trail Loop color sabbia - M/L),594742
Apple,Smartwatch,Ultra 4,Titanio,Cellular,49,Nero (Loop maglia Milanese in Titanio Nero - Small),594743
Apple,Smartwatch,Ultra 4,Titanio,Cellular,49,Nero (Loop maglia Milanese in Titanio Nero - Medium),594744
Apple,Smartwatch,Ultra 4,Titanio,Cellular,49,Nero (Loop maglia Milanese in Titanio Nero - Large),594745
Apple,Smartwatch,Ultra 4,Titanio,Cellular,49,Nero (Cinturino Ocean Nero traslucido),594746
Apple,Smartwatch,Ultra 4,Titanio,Cellular,49,Nero (Alpine Loop color borgogna - Small),594747
Apple,Smartwatch,Ultra 4,Titanio,Cellular,49,Nero (Alpine Loop color borgogna - Medium),594748
Apple,Smartwatch,Ultra 4,Titanio,Cellular,49,Nero (Alpine Loop color borgogna - Large),594749
Apple,Smartwatch,Ultra 4,Titanio,Cellular,49,Nero (Trail Loop color borgogna - S/M),594750
Apple,Smartwatch,Ultra 4,Titanio,Cellular,49,Nero (Trail Loop color borgogna - M/L),594751